{"cameraMode":{"drawMode":0,"name":"Shaded","section":"Shading Mode"},"sceneLighting":true,"audioPlay":false,"sceneViewState":{"showFog":true,"showMaterialUpdate":false,"showSkybox":true,"showFlares":true,"showImageEffects":true,"showParticleSystems":true},"in2DMode":false,"pivot":{"x":-3.402805805206299,"y":-4.90039587020874,"z":-9.686387062072754},"rotation":{"x":-0.036908622831106189,"y":0.9606694579124451,"z":-0.22626246511936189,"w":-0.1567074954509735},"size":15.29351806640625,"orthographic":false}